cohort_week,week_number,active_users,cohort_size,retention_pct
2020-10-26,0,2365,2365,100
2020-10-26,1,256,2365,10.82
2020-10-26,2,83,2365,3.51
2020-10-26,3,56,2365,2.37
2020-10-26,4,32,2365,1.35
2020-10-26,5,24,2365,1.01
2020-10-26,6,22,2365,0.93
2020-10-26,7,6,2365,0.25
2020-10-26,8,14,2365,0.59
2020-11-02,0,19374,19374,100
2020-11-02,1,1227,19374,6.33
2020-11-02,2,660,19374,3.41
2020-11-02,3,468,19374,2.42
2020-11-02,4,441,19374,2.28
2020-11-02,5,378,19374,1.95
2020-11-02,6,249,19374,1.29
2020-11-02,7,113,19374,0.58
2020-11-02,8,75,19374,0.39
2020-11-09,0,16232,16232,100
2020-11-09,1,1092,16232,6.73
2020-11-09,2,507,16232,3.12
2020-11-09,3,416,16232,2.56
2020-11-09,4,400,16232,2.46
2020-11-09,5,245,16232,1.51
2020-11-09,6,122,16232,0.75
2020-11-09,7,68,16232,0.42
2020-11-09,8,100,16232,0.62
2020-11-16,0,18167,18167,100
2020-11-16,1,1052,18167,5.79
2020-11-16,2,599,18167,3.3
2020-11-16,3,433,18167,2.38
2020-11-16,4,326,18167,1.79
2020-11-16,5,131,18167,0.72
2020-11-16,6,78,18167,0.43
2020-11-16,7,87,18167,0.48
2020-11-16,8,85,18167,0.47
2020-11-23,0,20072,20072,100
2020-11-23,1,1023,20072,5.1
2020-11-23,2,533,20072,2.66
2020-11-23,3,318,20072,1.58
2020-11-23,4,152,20072,0.76
2020-11-23,5,93,20072,0.46
2020-11-23,6,106,20072,0.53
2020-11-23,7,98,20072,0.49
2020-11-23,8,80,20072,0.4
2020-11-30,0,22034,22034,100
2020-11-30,1,1192,22034,5.41
2020-11-30,2,491,22034,2.23
2020-11-30,3,196,22034,0.89
2020-11-30,4,138,22034,0.63
2020-11-30,5,147,22034,0.67
2020-11-30,6,118,22034,0.54
2020-11-30,7,86,22034,0.39
2020-11-30,8,98,22034,0.44
2020-12-07,0,28545,28545,100
2020-12-07,1,954,28545,3.34
2020-12-07,2,271,28545,0.95
2020-12-07,3,194,28545,0.68
2020-12-07,4,298,28545,1.04
2020-12-07,5,168,28545,0.59
2020-12-07,6,122,28545,0.43
2020-12-07,7,115,28545,0.4
2020-12-14,0,24839,24839,100
2020-12-14,1,716,24839,2.88
2020-12-14,2,235,24839,0.95
2020-12-14,3,314,24839,1.26
2020-12-14,4,227,24839,0.91
2020-12-14,5,143,24839,0.58
2020-12-14,6,114,24839,0.46
2020-12-21,0,17430,17430,100
2020-12-21,1,447,17430,2.56
2020-12-21,2,203,17430,1.16
2020-12-21,3,172,17430,0.99
2020-12-21,4,104,17430,0.6
2020-12-21,5,75,17430,0.43
2020-12-28,0,16615,16615,100
2020-12-28,1,411,16615,2.47
2020-12-28,2,149,16615,0.9
2020-12-28,3,101,16615,0.61
2020-12-28,4,78,16615,0.47
2021-01-04,0,22908,22908,100
2021-01-04,1,732,22908,3.2
2021-01-04,2,285,22908,1.24
2021-01-04,3,200,22908,0.87
2021-01-11,0,21433,21433,100
2021-01-11,1,786,21433,3.67
2021-01-11,2,301,21433,1.4
2021-01-18,0,20698,20698,100
2021-01-18,1,858,20698,4.15
2021-01-25,0,19442,19442,100
